prompt_tokens,generation_tokens,ttft,generation_time,user_id,question_id,launch_time,finish_time
69,276,0.07934379577636719,33.846251249313354,1,-1,1743992861.977519,1743992895.9031146
52,77,0.08470535278320312,16.514041900634766,2,-1,1743992862.077742,1743992878.6764894
97,483,0.10492968559265137,53.987587213516235,3,-1,1743992862.178161,1743992916.270678
126,157,0.1254105567932129,24.34054970741272,4,-1,1743992862.2785087,1743992886.7444692
487,595,0.2093501091003418,66.90107560157776,5,-1,1743992862.378858,1743992929.489284
807,893,0.4124104976654053,97.19536232948303,6,-1,1743992862.4793122,1743992960.087085
305,206,0.4620935916900635,27.891462087631226,7,-1,1743992862.5796216,1743992890.933178
51,196,0.36258435249328613,26.624436855316162,8,-1,1743992862.680107,1743992889.6671283
52,7,0.2618217468261719,0.8577132225036621,9,-1,1743992862.7804015,1743992863.8999367
40,306,0.23503327369689941,36.28964567184448,10,-1,1743992862.8808827,1743992899.4055617
85,735,0.1319591999053955,80.99001502990723,11,-1,1743992862.9812868,1743992944.1032612
45,218,0.13995599746704102,29.492074966430664,12,-1,1743992863.0816753,1743992892.7137065
423,1007,0.21935510635375977,107.72347235679626,13,-1,1743992863.1819544,1743992971.124782
486,614,0.30874061584472656,68.46604585647583,14,-1,1743992863.2823424,1743992932.0571291
441,62,0.5111596584320068,14.516150712966919,15,-1,1743992863.3826032,1743992878.409914
444,222,0.41489267349243164,28.943408250808716,16,-1,1743992863.4827409,1743992892.8410423
137,173,0.42238593101501465,24.611583948135376,17,-1,1743992863.5831509,1743992888.6171212
43,56,0.32393598556518555,13.652418375015259,18,-1,1743992863.6835017,1743992877.6598566
82,498,0.22285151481628418,55.93820834159851,19,-1,1743992863.7837746,1743992919.9448345
38,40,0.17794275283813477,11.435716152191162,20,-1,1743992863.8841567,1743992875.4978158
47,38,0.14054226875305176,11.283143043518066,21,-1,1743992863.9847214,1743992875.408407
573,480,0.2633087635040283,54.42329430580139,22,-1,1743992864.085119,1743992918.7717223
54,133,0.3491058349609375,21.439845085144043,23,-1,1743992864.1854954,1743992885.9744465
375,252,0.25165390968322754,31.032660722732544,24,-1,1743992864.2863712,1743992895.570686
105,2,0.7963221073150635,0.6506431102752686,25,-1,1743992864.3863368,1743992865.8333023
2097,366,1.34078049659729,40.26276969909668,26,-1,1743992864.4865777,1743992906.0901282
1422,188,1.2433607578277588,24.44316530227661,27,-1,1743992864.5869296,1743992890.2734556
2614,468,2.446274518966675,50.00960946083069,28,-1,1743992864.687257,1743992917.1431413
459,295,2.3488314151763916,32.58858871459961,29,-1,1743992864.7881532,1743992899.7255733
86,78,2.242922067642212,14.055835723876953,30,-1,1743992864.8884108,1743992881.1871688
1070,39,2.1437888145446777,8.83882999420166,31,-1,1743992864.9887025,1743992875.9713216
1847,356,2.695270299911499,37.2540545463562,32,-1,1743992865.0890415,1743992905.0383666
361,87,2.5965542793273926,14.273696184158325,33,-1,1743992865.1893137,1743992882.059564
1849,556,3.155329704284668,58.108909130096436,34,-1,1743992865.2896445,1743992926.5538836
1588,193,3.707512378692627,22.240849494934082,35,-1,1743992865.3899448,1743992891.3383067
1004,265,4.252861976623535,27.544020175933838,36,-1,1743992865.4903274,1743992897.28721
1100,48,4.155414581298828,8.232032299041748,37,-1,1743992865.5907238,1743992877.9781709
1044,344,4.716319561004639,33.657373905181885,38,-1,1743992865.691225,1743992904.0649188
54,289,4.608366966247559,29.155754566192627,39,-1,1743992865.7914624,1743992899.5555842
232,292,4.507149934768677,29.641612768173218,40,-1,1743992865.8917346,1743992900.0404978
48,847,4.418954610824585,86.64911818504333,41,-1,1743992865.992187,1743992957.06026
56,25,4.304213523864746,4.849567890167236,42,-1,1743992866.0926561,1743992875.2464378
50,246,4.208952188491821,25.42082929611206,43,-1,1743992866.1929953,1743992895.822777
65,741,4.11426305770874,76.30682492256165,44,-1,1743992866.2943003,1743992946.7153888
43,343,4.005924940109253,33.26108145713806,45,-1,1743992866.3946831,1743992903.66169
51,139,3.9190242290496826,16.753397703170776,46,-1,1743992866.4950187,1743992887.1674411
59,680,3.800703525543213,70.59689116477966,47,-1,1743992866.5953677,1743992940.9929628
45,179,3.7036516666412354,19.566951274871826,48,-1,1743992866.695714,1743992889.9663177
447,343,3.6022753715515137,33.24936246871948,49,-1,1743992866.7961323,1743992903.6477704
168,180,3.5065090656280518,19.65825891494751,50,-1,1743992866.8964767,1743992890.0612452
216,88,3.4095048904418945,12.132405519485474,51,-1,1743992866.9967988,1743992882.5387094
44,409,3.3095896244049072,40.339452028274536,52,-1,1743992867.097187,1743992910.746229
43,78,3.214505195617676,11.129235744476318,53,-1,1743992867.1974838,1743992881.541225
49,233,3.114619255065918,24.481762647628784,54,-1,1743992867.2978554,1743992894.8942375
78,119,3.0108768939971924,15.176158905029297,55,-1,1743992867.398143,1743992885.5851796
59,25,2.9144115447998047,4.856324911117554,56,-1,1743992867.4985418,1743992875.2692785
64,46,2.795853853225708,7.495242118835449,57,-1,1743992867.5989783,1743992877.8900747
2410,93,4.046741008758545,11.272193193435669,58,-1,1743992867.6993756,1743992883.01831
1958,33,4.607820749282837,4.184923410415649,59,-1,1743992867.7998002,1743992876.5925446
2699,406,5.184444904327393,37.88443684577942,60,-1,1743992867.9001873,1743992910.969069
410,114,5.079411268234253,12.371407747268677,61,-1,1743992868.0005267,1743992885.451346
207,217,4.973185777664185,20.97679352760315,62,-1,1743992868.1009119,1743992894.0508916
620,76,4.881204128265381,8.586214303970337,63,-1,1743992868.2017884,1743992881.669207
145,390,4.781364679336548,36.40742516517639,64,-1,1743992868.302201,1743992909.490991
349,222,5.33674955368042,20.75919198989868,65,-1,1743992868.4024603,1743992894.498402
49,710,5.248554944992065,70.28433728218079,66,-1,1743992868.503662,1743992944.0365548
427,426,5.147107124328613,39.46918702125549,67,-1,1743992868.603905,1743992913.2201993
169,72,5.043356657028198,7.719980716705322,68,-1,1743992868.7043366,1743992881.4676743
39,80,4.937613010406494,8.596002101898193,69,-1,1743992868.8069715,1743992882.340587
50,133,4.838861703872681,13.358933687210083,70,-1,1743992868.9072917,1743992887.1050873
78,243,4.7424256801605225,22.223761081695557,71,-1,1743992869.0075705,1743992895.9737575
2022,414,7.386822462081909,38.20648550987244,72,-1,1743992869.1079028,1743992914.701211
442,453,7.289724826812744,43.63441491127014,73,-1,1743992869.2081702,1743992920.1323104
58,14,7.868265151977539,1.499678611755371,74,-1,1743992869.3084989,1743992878.676443
1650,18,7.775094032287598,1.8181571960449219,75,-1,1743992869.4088624,1743992879.0021138
1116,22,8.87440037727356,2.230919122695923,76,-1,1743992869.5092068,1743992880.6145267
334,418,8.989077806472778,39.64253854751587,77,-1,1743992869.6094859,1743992918.2411027
84,453,8.886876344680786,43.207226276397705,78,-1,1743992869.7097616,1743992921.8038645
42,36,8.80318808555603,3.6561739444732666,79,-1,1743992869.8102725,1743992882.2696347
375,313,9.566309928894043,28.368250370025635,80,-1,1743992869.9107122,1743992907.8452728
139,46,9.490701675415039,5.2959229946136475,81,-1,1743992870.0111277,1743992884.7977526
443,136,9.366187334060669,13.903138399124146,82,-1,1743992870.1115465,1743992893.3808725
399,189,9.270681619644165,19.471397638320923,83,-1,1743992870.2118957,1743992898.9539752
594,534,13.363815546035767,53.169846057891846,84,-1,1743992870.3123393,1743992936.8460011
372,195,13.263772249221802,18.005374431610107,85,-1,1743992870.4148479,1743992901.6839948
36,9,13.149599552154541,0.655266284942627,86,-1,1743992870.5151758,1743992884.320042
102,456,13.044444799423218,46.162253618240356,87,-1,1743992870.615483,1743992929.8221815
53,447,12.951175451278687,45.33743596076965,88,-1,1743992870.715852,1743992929.0044637
42,222,12.85544228553772,20.758198022842407,89,-1,1743992870.81629,1743992904.4299304
108,375,12.75743579864502,38.148017168045044,90,-1,1743992870.9164793,1743992921.8219326
38,246,12.64676570892334,23.994219541549683,91,-1,1743992871.0169277,1743992907.6579134
55,361,12.550393104553223,36.45155310630798,92,-1,1743992871.1174164,1743992920.119363
413,477,12.461155652999878,49.651923179626465,93,-1,1743992871.2185254,1743992933.3316042
56,310,12.338725328445435,32.596253633499146,94,-1,1743992871.318988,1743992916.2539673
47,237,12.353594303131104,26.234508275985718,95,-1,1743992871.419328,1743992910.007431
66,40,14.033671617507935,7.5612523555755615,96,-1,1743992871.5197742,1743992893.1146991
38,270,13.949227333068848,28.918928146362305,97,-1,1743992871.6201727,1743992914.4883285
697,364,20.009220123291016,35.83035492897034,98,-1,1743992871.7206216,1743992927.5601969
42,266,19.927995204925537,24.25136923789978,99,-1,1743992871.8209543,1743992916.0003188
56,348,19.81063485145569,33.25256395339966,100,-1,1743992871.9213543,1743992924.9845538
69,173,19.73217487335205,15.310173034667969,101,-1,1743992872.021598,1743992907.0639462
231,166,19.61996293067932,14.111494779586792,102,-1,1743992872.122045,1743992905.8535032
49,141,19.534334659576416,11.162475109100342,103,-1,1743992872.222475,1743992902.919285
612,335,20.805474758148193,32.134194135665894,104,-1,1743992872.322895,1743992925.2625642
142,167,20.811668872833252,15.267018556594849,105,-1,1743992872.4232223,1743992908.5019097
46,269,20.979863166809082,27.381459951400757,106,-1,1743992872.5235558,1743992920.884879
743,313,23.667969703674316,35.328542709350586,107,-1,1743992872.6238215,1743992931.6203341
282,362,24.97365427017212,41.11155962944031,108,-1,1743992872.7243264,1743992938.8095405
608,371,27.140284299850464,41.26446223258972,109,-1,1743992872.8247964,1743992941.229543
346,408,27.281466007232666,45.77365565299988,110,-1,1743992872.925493,1743992945.980615
522,284,31.396185636520386,30.986351490020752,111,-1,1743992873.025797,1743992935.4083343
41,712,31.294535398483276,72.52951574325562,112,-1,1743992873.1262891,1743992976.9503407
438,284,31.406195640563965,31.55009961128235,113,-1,1743992873.2266078,1743992936.1829035
65,178,32.25515556335449,18.818493127822876,114,-1,1743992873.327149,1743992924.4007978
44,94,32.17411518096924,8.96251130104065,115,-1,1743992873.4274921,1743992914.564119
60,516,32.073200702667236,54.148108959198,116,-1,1743992873.527945,1743992959.749255
818,294,31.961676120758057,32.13113307952881,117,-1,1743992873.6290176,1743992937.721827
55,234,31.873836517333984,25.511453866958618,118,-1,1743992873.729639,1743992931.1149297
281,292,31.766261100769043,31.400990962982178,119,-1,1743992873.8329043,1743992937.0001569
336,152,32.08758020401001,17.175904035568237,120,-1,1743992873.9330103,1743992923.1964948
231,185,32.72447180747986,19.204538106918335,121,-1,1743992874.033613,1743992925.9626236
552,108,32.62366223335266,11.72922968864441,122,-1,1743992874.140567,1743992918.4934592
301,225,32.51265335083008,23.601552724838257,123,-1,1743992874.241035,1743992930.3552413
254,98,32.40739870071411,9.25133490562439,124,-1,1743992874.3416295,1743992916.000363
282,137,32.30468702316284,14.67994475364685,125,-1,1743992874.4422665,1743992921.4268982
361,574,32.20592498779297,58.73495435714722,126,-1,1743992874.5457904,1743992965.48667
110,279,32.10596537590027,29.957274436950684,127,-1,1743992874.6465666,1743992936.7098067
84,96,32.11104416847229,9.868231534957886,128,-1,1743992874.746817,1743992916.726093
56,248,32.31816053390503,26.928279638290405,129,-1,1743992874.8552923,1743992934.101733
44,86,32.83737349510193,8.780233383178711,130,-1,1743992874.9532385,1743992916.5708456
39,26,33.03608012199402,1.910421371459961,131,-1,1743992875.0546892,1743992910.0011911
473,112,32.937795639038086,13.261515855789185,132,-1,1743992875.1552854,1743992921.354597
50,541,34.37472653388977,56.355162620544434,133,-1,1743992875.2649333,1743992965.9948227
369,96,34.84603929519653,12.515602111816406,134,-1,1743992875.3591547,1743992922.7207963
58,437,36.147767066955566,45.45031380653381,135,-1,1743992875.4596465,1743992957.0577276
49,225,36.0647656917572,24.558021783828735,136,-1,1743992875.561126,1743992936.1839135
51,481,35.9449782371521,50.30557417869568,137,-1,1743992875.661533,1743992961.9120858
85,240,35.84614872932434,26.883193969726562,138,-1,1743992875.7617388,1743992938.4910815
41,175,35.757063150405884,19.425413846969604,139,-1,1743992875.8621821,1743992931.0446594
48,176,35.64470458030701,19.497963666915894,140,-1,1743992875.9713342,1743992931.1140027
43,15,35.56342077255249,1.112978219985962,141,-1,1743992876.0675037,1743992912.743903
806,221,35.44045853614807,26.273770570755005,142,-1,1743992876.1677158,1743992937.8819451
182,484,35.353013038635254,52.674768924713135,143,-1,1743992876.2681718,1743992964.295954
43,53,35.23999381065369,9.178354024887085,144,-1,1743992876.3686635,1743992920.7870116
42,553,35.15601325035095,59.377071380615234,145,-1,1743992876.46913,1743992971.002215
498,181,35.03637146949768,22.854331731796265,146,-1,1743992876.5736434,1743992934.4643466
44,342,34.947490215301514,39.95172667503357,147,-1,1743992876.6723578,1743992951.5715747
415,533,38.575536012649536,54.810221433639526,148,-1,1743992876.7727394,1743992970.1584973
619,274,39.38439083099365,29.431645393371582,149,-1,1743992876.8731458,1743992945.6891823
441,605,39.58232522010803,61.07764911651611,150,-1,1743992876.9735773,1743992977.6335518
233,441,39.479390382766724,46.09179139137268,151,-1,1743992877.0741248,1743992962.6453066
761,451,39.855201721191406,46.50776195526123,152,-1,1743992877.186566,1743992963.54953
2019,495,40.87391495704651,49.46747660636902,153,-1,1743992877.2820024,1743992967.6233943
43,93,40.762595653533936,9.907844543457031,154,-1,1743992877.3825576,1743992928.052998
134,887,40.67616653442383,89.574063539505,155,-1,1743992877.4829729,1743993007.7332032
53,31,40.57362246513367,3.189957857131958,156,-1,1743992877.5909724,1743992921.354553
185,106,40.45530152320862,10.858434915542603,157,-1,1743992877.6915617,1743992929.0052984
395,399,40.357975482940674,40.65993905067444,158,-1,1743992877.7919705,1743992958.8098853
41,398,40.57249689102173,40.40000677108765,159,-1,1743992877.8968742,1743992958.8693783
65,113,40.477014780044556,11.501868963241577,160,-1,1743992877.995499,1743992929.9743829
108,930,40.38215732574463,93.03449559211731,161,-1,1743992878.0960941,1743993011.5127473
374,259,40.278645277023315,26.57529091835022,162,-1,1743992878.1965563,1743992945.0504928
44,244,40.2966148853302,25.10698962211609,163,-1,1743992878.2971525,1743992943.7007575
49,141,40.19868493080139,14.727083206176758,164,-1,1743992878.4059002,1743992933.3316689
89,223,40.08826279640198,23.50686001777649,165,-1,1743992878.5029154,1743992942.0980384
5226,210,48.94376063346863,20.95499539375305,166,-1,1743992878.605243,1743992948.5039992
238,123,48.837515354156494,13.201226472854614,167,-1,1743992878.704302,1743992940.743044
1133,301,49.173977851867676,30.588237285614014,168,-1,1743992878.804824,1743992958.5670395
421,7,50.423219442367554,0.650648832321167,169,-1,1743992878.905322,1743992929.9791906
5684,180,56.75885009765625,17.713909149169922,170,-1,1743992879.0089147,1743992953.4816742
222,630,57.29153394699097,62.84025430679321,171,-1,1743992879.106837,1743992999.2386255
46,411,57.19293785095215,39.76154828071594,172,-1,1743992879.207244,1743992976.1617303
146,18,57.096845626831055,2.2654476165771484,173,-1,1743992879.3121362,1743992938.6744297
45,275,56.9953191280365,27.0198872089386,174,-1,1743992879.408308,1743992963.4235146
1833,356,58.124146938323975,34.41666388511658,175,-1,1743992879.5088203,1743992972.0496316
302,758,58.27003574371338,75.17009329795837,176,-1,1743992879.6094418,1743993013.0495713
1153,366,58.63260340690613,35.27005672454834,177,-1,1743992879.7099283,1743992973.6125884
979,586,59.42178964614868,56.15900206565857,178,-1,1743992879.8169935,1743992995.3977854
57,214,59.33366680145264,20.639315366744995,179,-1,1743992879.9133642,1743992959.8863466
112,149,59.21929430961609,14.004095077514648,180,-1,1743992880.0138662,1743992953.237256
49,617,59.122750997543335,61.832589864730835,181,-1,1743992880.1189454,1743993001.0742867
75,261,59.02737617492676,27.08136296272278,182,-1,1743992880.217197,1743992966.325936
43,247,60.838261127471924,23.95240616798401,183,-1,1743992880.3176894,1743992965.108357
64,370,60.73461389541626,35.409080266952515,184,-1,1743992880.4182973,1743992976.5619917
54,212,60.632041931152344,20.976317405700684,185,-1,1743992880.518664,1743992962.1270235
46,272,60.515379190444946,26.364996671676636,186,-1,1743992880.626993,1743992967.507369
890,262,60.87324285507202,27.631145477294922,187,-1,1743992880.7207987,1743992969.2251873
673,459,64.523366689682,43.783273458480835,188,-1,1743992880.82124,1743992989.1278803
1021,458,65.47067952156067,43.43648624420166,189,-1,1743992880.9216278,1743992989.8287938
812,850,66.02629041671753,85.23376655578613,190,-1,1743992881.026789,1743993032.286846
897,376,68.03375458717346,35.513741970062256,191,-1,1743992881.123448,1743992984.6709447
691,632,68.60968470573425,62.17448687553406,192,-1,1743992881.2238026,1743993012.0079741
781,727,68.51123523712158,71.92565846443176,193,-1,1743992881.3276339,1743993021.7645278
644,881,68.41456913948059,85.82298398017883,194,-1,1743992881.4258256,1743993035.6633787
633,45,68.65495800971985,5.87372088432312,195,-1,1743992881.5318851,1743992956.0605643
586,657,68.5535101890564,68.3198025226593,196,-1,1743992881.6282053,1743993018.5015185
729,440,72.43496179580688,43.2761116027832,197,-1,1743992881.733908,1743992997.4449816
747,689,72.96344351768494,68.2211422920227,198,-1,1743992881.834364,1743993023.01895
799,359,72.92804718017578,32.07866358757019,199,-1,1743992881.9348202,1743992986.9415312
631,568,72.85952591896057,55.02070736885071,200,-1,1743992882.0353897,1743993009.915623
1862,391,75.58277654647827,38.785786390304565,201,-1,1743992882.135779,1743992996.504342
1798,337,77.31043434143066,31.598121166229248,202,-1,1743992882.2363474,1743992991.1449032
409,375,77.53773784637451,36.279927253723145,203,-1,1743992882.3407333,1743992996.1583986
1765,307,78.30730414390564,27.398036003112793,204,-1,1743992882.4410312,1743992988.1463716
55,337,78.19721102714539,32.34868812561035,205,-1,1743992882.5416057,1743992993.087505
65,137,78.08941578865051,13.884220361709595,206,-1,1743992882.6423104,1743992974.6159465
84,291,78.00689554214478,27.10683584213257,207,-1,1743992882.7432992,1743992987.8570309
86,760,77.89648103713989,76.23565196990967,208,-1,1743992882.8431125,1743993036.9752455
531,315,81.01317405700684,30.083155870437622,209,-1,1743992882.9435596,1743992994.0398898
613,420,80.9160897731781,41.8211624622345,210,-1,1743992883.045481,1743993005.7827337
670,279,81.43437242507935,27.632248401641846,211,-1,1743992883.1459825,1743992992.2126036
288,459,82.61008501052856,45.09261727333069,212,-1,1743992883.2464886,1743993010.9491913
59,250,82.51709842681885,22.28241729736328,213,-1,1743992883.346905,1743992988.146421
46,84,82.41167449951172,8.443534135818481,214,-1,1743992883.447764,1743992974.302973
73,351,82.31409430503845,35.45281767845154,215,-1,1743992883.548438,1743993001.3153503
99,591,82.46886444091797,59.82476592063904,216,-1,1743992883.6489632,1743993025.942594
990,104,84.52597618103027,9.364376783370972,217,-1,1743992883.7519424,1743992977.6422956
1503,123,84.64189982414246,11.471757411956787,218,-1,1743992883.8531084,1743992979.9667659
395,122,85.66905951499939,12.011230707168579,219,-1,1743992883.953686,1743992981.6339765
633,85,86.424063205719,8.072152614593506,220,-1,1743992884.0544355,1743992978.5506516
1055,136,87.37057161331177,11.698779344558716,221,-1,1743992884.1600018,1743992983.229353
1056,131,88.45947098731995,10.767068862915039,222,-1,1743992884.2592123,1743992983.4857523
1328,184,88.53241276741028,17.252917289733887,223,-1,1743992884.3596883,1743992990.1450183
688,289,89.63804221153259,31.885323762893677,224,-1,1743992884.4602232,1743993005.9835894
737,132,93.73035717010498,11.854977369308472,225,-1,1743992884.5619712,1743992990.147306
686,166,93.63320684432983,16.013781785964966,226,-1,1743992884.6616573,1743992994.3086462
95,182,93.52733540534973,18.133261919021606,227,-1,1743992884.7621431,1743992996.4227407
1642,2,95.70313692092896,0.06788182258605957,228,-1,1743992884.8625648,1743992980.6335838
1056,171,96.07307076454163,17.800280570983887,229,-1,1743992884.970441,1743992998.8437934
1848,137,99.09199237823486,15.471591234207153,230,-1,1743992885.0649786,1743992999.6285625
844,175,99.86494874954224,20.1189284324646,231,-1,1743992885.1653922,1743993005.1492696
334,120,99.77254962921143,16.88619875907898,232,-1,1743992885.2659059,1743993001.9246545
504,1,103.36267113685608,0.019388437271118164,233,-1,1743992885.3724525,1743992988.7545123
67,743,103.2744734287262,69.37031698226929,234,-1,1743992885.4675162,1743993058.1123073
763,324,103.17249059677124,34.86606049537659,235,-1,1743992885.5783432,1743993023.6168945
108,74,103.07483649253845,9.680881977081299,236,-1,1743992885.6708362,1743992998.4265547
46,282,102.96828174591064,30.124500274658203,237,-1,1743992885.7714932,1743993018.8642755
210,8,102.87984585762024,0.9184691905975342,238,-1,1743992885.8720286,1743992989.6703439
425,302,103.01192045211792,31.918160438537598,239,-1,1743992885.9805832,1743993020.9106646
91,303,102.90522503852844,32.21191048622131,240,-1,1743992886.081209,1743993021.1983447
41,731,102.81477785110474,68.23348116874695,241,-1,1743992886.181736,1743993057.2299953
347,32,103.1737163066864,3.806675910949707,242,-1,1743992886.2908297,1743992993.2712219
371,537,103.06759572029114,53.51575589179993,243,-1,1743992886.3849623,1743993042.968314
50,294,102.9681167602539,30.859589338302612,244,-1,1743992886.4853747,1743993020.3130808
136,788,102.87445855140686,73.7782998085022,245,-1,1743992886.5870903,1743993063.2398489
86,467,103.0577654838562,47.52143621444702,246,-1,1743992886.6874192,1743993037.266621
214,131,103.27584147453308,14.791966676712036,247,-1,1743992886.787746,1743993004.8555543
36,8,103.18160843849182,1.073986530303955,248,-1,1743992886.8881419,1743992991.143737
47,198,103.08635354042053,20.772098064422607,249,-1,1743992886.989223,1743993010.8476748
319,273,102.97566771507263,28.865594148635864,250,-1,1743992887.100356,1743993018.9416184
844,367,103.61468195915222,38.070664167404175,251,-1,1743992887.1976137,1743993028.88296
42,294,103.51580929756165,30.628750801086426,252,-1,1743992887.298108,1743993021.442669
52,416,103.41118240356445,42.31101417541504,253,-1,1743992887.3989332,1743993033.12113
43,19,103.31391096115112,2.064913511276245,254,-1,1743992887.4995759,1743992992.8784006
133,29,103.19529104232788,3.0303311347961426,255,-1,1743992887.605112,1743992993.8307345
55,206,103.10117745399475,21.828271627426147,256,-1,1743992887.700717,1743993012.6301663
55,682,102.99381971359253,63.479877948760986,257,-1,1743992887.8034644,1743993054.277162
45,505,102.90149521827698,50.55581736564636,258,-1,1743992887.9029512,1743993041.3602643
58,180,102.80866575241089,18.709614038467407,259,-1,1743992888.0075161,1743993009.5257962
42,303,102.69795370101929,31.83354616165161,260,-1,1743992888.1046605,1743993022.6361606
474,613,102.60070085525513,58.34039354324341,261,-1,1743992888.2084568,1743993049.1495514
54,534,102.49267911911011,52.76231622695923,262,-1,1743992888.308164,1743993043.5631592
42,152,102.4016318321228,16.587246417999268,263,-1,1743992888.4135911,1743993007.4024696
66,405,102.30184698104858,41.020965814590454,264,-1,1743992888.5097406,1743993031.8325536
1025,191,103.19347262382507,19.14033341407776,265,-1,1743992888.6117458,1743993010.945552
690,237,103.09101295471191,24.171637296676636,266,-1,1743992888.7175627,1743993015.9802132
298,353,102.99963688850403,36.06482672691345,267,-1,1743992888.8178875,1743993027.8823514
839,341,103.62917017936707,35.464799642562866,268,-1,1743992888.9184866,1743993028.0124567
626,21,104.53260159492493,1.7991704940795898,269,-1,1743992889.0189488,1743992995.3507211
407,469,105.11841797828674,46.58453702926636,270,-1,1743992889.119561,1743993040.8225162
927,833,105.44634675979614,76.4105658531189,271,-1,1743992889.2201736,1743993071.0770864
1119,64,106.75964689254761,7.032641887664795,272,-1,1743992889.3206654,1743993003.1129544
663,427,106.65402245521545,42.04307150840759,273,-1,1743992889.4210372,1743993038.1181314
706,11,106.8428738117218,1.280634880065918,274,-1,1743992889.5215237,1743992997.6450326
1941,694,107.5488920211792,62.58745527267456,275,-1,1743992889.6219945,1743993059.758342
1782,794,108.5551028251648,71.14975762367249,276,-1,1743992889.7226367,1743993069.4274974
113,147,108.45327186584473,15.208309888839722,277,-1,1743992889.8291383,1743993013.49072
239,222,109.23334002494812,21.562577962875366,278,-1,1743992889.9242635,1743993020.7201817
264,111,109.13367366790771,10.24176836013794,279,-1,1743992890.0248384,1743993009.4002807
387,382,109.35856294631958,36.541584968566895,280,-1,1743992890.1255155,1743993036.0256639
101,75,109.25387954711914,7.397399425506592,281,-1,1743992890.2259274,1743993006.8772066
36,8,109.16108059883118,1.0460927486419678,282,-1,1743992890.326646,1743993000.5338197
44,55,109.06273198127747,5.237048387527466,283,-1,1743992890.427185,1743993004.7269657
43,213,108.96020221710205,20.729247331619263,284,-1,1743992890.5320258,1743993020.2214756
42,89,108.84240007400513,8.718955278396606,285,-1,1743992890.6340954,1743993008.195451
47,219,108.7489378452301,21.42125916481018,286,-1,1743992890.7405355,1743993020.9107327
283,205,109.22842049598694,19.609948873519897,287,-1,1743992890.835744,1743993019.6741135
60,792,109.10765480995178,70.6205403804779,288,-1,1743992890.941741,1743993070.6699364
101,463,109.02913784980774,43.619874477386475,289,-1,1743992891.0393162,1743993043.688329
717,168,108.92312383651733,17.185286283493042,290,-1,1743992891.1399531,1743993017.2483635
419,375,110.89001560211182,36.723384141922,291,-1,1743992891.2407727,1743993038.8541727
250,227,112.12870955467224,22.47426724433899,292,-1,1743992891.3413696,1743993025.9443467
248,372,112.02442216873169,36.27002453804016,293,-1,1743992891.4421904,1743993039.7366374
453,380,113.92786741256714,36.36427116394043,294,-1,1743992891.5426168,1743993041.834756
309,168,113.8427906036377,16.941561937332153,295,-1,1743992891.6431923,1743993022.427545
42,88,113.71647191047668,8.951577425003052,296,-1,1743992891.759699,1743993014.4277484
72,235,114.1420829296112,23.518274307250977,297,-1,1743992891.8504086,1743993029.510766
43,298,114.04077196121216,28.649053812026978,298,-1,1743992891.9531686,1743993034.6429946
47,666,113.19843864440918,60.41701793670654,299,-1,1743992892.790787,1743993066.4062438
130,584,113.11745262145996,53.213767290115356,300,-1,1743992892.8754919,1743993059.2067122
751,795,113.42718052864075,74.20304679870605,301,-1,1743992892.9761157,1743993080.6063435
319,274,113.30826020240784,31.476675748825073,302,-1,1743992893.0767047,1743993037.861641
107,421,118.08089971542358,38.64999604225159,303,-1,1743992893.1772196,1743993049.9081159
51,211,117.98573970794678,20.83282446861267,304,-1,1743992893.2778325,1743993032.0963974
76,407,117.87187337875366,37.31537938117981,305,-1,1743992893.3873591,1743993048.5746121
52,356,117.78008246421814,33.53619909286499,306,-1,1743992893.4803736,1743993044.7966554
148,136,117.69508814811707,14.34745478630066,307,-1,1743992893.5823176,1743993025.6248608
76,146,117.59220266342163,15.538833856582642,308,-1,1743992893.6829162,1743993026.8139532
1046,583,118.21182537078857,51.7292160987854,309,-1,1743992893.788515,1743993063.7295568
53,297,118.12986898422241,28.59488534927368,310,-1,1743992893.8862631,1743993040.6110177
95,103,118.02395915985107,10.834719181060791,311,-1,1743992893.9867914,1743993022.84547
96,232,117.91241431236267,22.237276077270508,312,-1,1743992894.087435,1743993034.2371256
145,626,117.83304905891418,55.51322555541992,313,-1,1743992894.1878803,1743993067.5341554
422,484,118.09628629684448,42.4175488948822,314,-1,1743992894.2886808,1743993054.802516
579,589,117.98483633995056,53.63275480270386,315,-1,1743992894.3892572,1743993066.0068486
548,1048,118.37055134773254,94.78608584403992,316,-1,1743992894.4932296,1743993107.649867
805,1106,118.81354308128357,101.95500230789185,317,-1,1743992894.5911264,1743993115.3596723
409,34,125.8239688873291,4.25266432762146,318,-1,1743992894.6916575,1743993024.768291
85,409,126.10080194473267,34.90194845199585,319,-1,1743992894.7921913,1743993055.794942
44,17,126.30042028427124,2.108712911605835,320,-1,1743992894.8942509,1743993023.3033843
62,238,126.19168329238892,21.780831813812256,321,-1,1743992894.994699,1743993042.9672143
61,342,126.0736870765686,29.683448553085327,322,-1,1743992895.1002564,1743993050.8573923
200,26,125.98356556892395,3.1984400749206543,323,-1,1743992895.200896,1743993024.3829017
333,261,125.88082027435303,23.556350708007812,324,-1,1743992895.3031287,1743993044.7403
291,192,125.94345545768738,17.779438257217407,325,-1,1743992895.4036763,1743993039.1265702
160,185,126.07173109054565,17.207838535308838,326,-1,1743992895.5053,1743993038.78487
39,444,125.98288202285767,37.49406290054321,327,-1,1743992895.605835,1743993059.0827804
43,313,125.87994885444641,27.313323259353638,328,-1,1743992895.7065098,1743993048.8997822
45,259,125.77082824707031,23.35637664794922,329,-1,1743992895.8069155,1743993044.9341207
54,301,126.19956564903259,26.044750452041626,330,-1,1743992895.9074597,1743993048.151776
99,47,126.10820770263672,4.774158477783203,331,-1,1743992896.0079436,1743993026.8903098
560,40,125.99249410629272,3.8444180488586426,332,-1,1743992896.1085837,1743993025.9454963
187,278,125.89636158943176,24.62880277633667,333,-1,1743992896.2091494,1743993046.7343137
364,70,126.30650782585144,6.893669843673706,334,-1,1743992896.3096259,1743993029.5098038
415,49,126.42593002319336,4.58626914024353,335,-1,1743992896.410132,1743993027.4223313
50,573,126.43413209915161,49.242695808410645,336,-1,1743992896.5105898,1743993072.1874182
328,86,126.60314774513245,7.773948431015015,337,-1,1743992896.6111033,1743993030.9882
1234,447,127.33318161964417,37.23826503753662,338,-1,1743992896.7116296,1743993061.2830765
556,299,129.60969996452332,24.626171827316284,339,-1,1743992896.8120427,1743993051.0479147
718,438,129.50413274765015,36.22707176208496,340,-1,1743992896.912757,1743993062.6439614
844,596,131.52644324302673,49.155601978302,341,-1,1743992897.0138001,1743993077.6958458
637,842,131.415301322937,71.76238584518433,342,-1,1743992897.114001,1743993100.2916887
154,721,132.01584339141846,61.15447473526001,343,-1,1743992897.2146165,1743993090.384935
640,566,131.91165852546692,49.3384735584259,344,-1,1743992897.3153322,1743993078.5654645
804,309,135.41529512405396,25.72310733795166,345,-1,1743992897.4160988,1743993058.5545015
98,870,135.3123881816864,75.77649712562561,346,-1,1743992897.5168233,1743993108.6057088
804,567,138.73698592185974,47.51020336151123,347,-1,1743992897.6175418,1743993083.8647318
487,895,139.5444884300232,75.89356684684753,348,-1,1743992897.7181687,1743993113.1562243
133,839,139.43238639831543,71.140127658844,349,-1,1743992897.8251455,1743993108.3976607
37,198,139.34227800369263,15.601142168045044,350,-1,1743992897.9248435,1743993052.868264
383,511,139.44185853004456,41.91251468658447,351,-1,1743992898.0255036,1743993079.379877
50,490,139.34041619300842,40.22614359855652,352,-1,1743992898.1293523,1743993077.6959124
756,745,140.22101497650146,63.06564974784851,353,-1,1743992898.226635,1743993101.5133
39,420,140.11653399467468,34.815572023391724,354,-1,1743992898.3271918,1743993073.259298
1733,1059,141.89399909973145,88.7413911819458,355,-1,1743992898.4275565,1743993129.0629473
848,625,142.6202929019928,52.151731967926025,356,-1,1743992898.5338683,1743993093.3058932
932,487,144.66132950782776,40.1908974647522,357,-1,1743992898.630501,1743993083.4827282
1355,1027,146.69579315185547,92.29435086250305,358,-1,1743992898.740374,1743993137.730518
916,376,152.57040810585022,37.71960091590881,359,-1,1743992898.8338203,1743993089.1238294
1369,316,160.13381624221802,27.907679557800293,360,-1,1743992898.9404173,1743993086.9819138
67,257,160.04117512702942,22.812169313430786,361,-1,1743992899.0356445,1743993081.888989
77,390,160.06328463554382,34.73566150665283,362,-1,1743992899.1363654,1743993093.935312
49,119,159.9597544670105,11.0225989818573,363,-1,1743992899.237419,1743993070.2197726
105,991,159.8628978729248,85.45027565956116,364,-1,1743992899.3393862,1743993144.6525602
744,70,160.0564124584198,6.909934043884277,365,-1,1743992899.4398386,1743993066.4061854
519,753,160.8710105419159,64.6842086315155,366,-1,1743992899.540569,1743993125.0957882
352,453,160.77086210250854,39.069634437561035,367,-1,1743992899.6412225,1743993099.4817193
512,339,160.67777109146118,29.126769304275513,368,-1,1743992899.741766,1743993089.5463066
428,278,160.57608437538147,24.129713773727417,369,-1,1743992899.842377,1743993084.5481756
295,219,160.56875586509705,18.545665979385376,370,-1,1743992899.9428046,1743993079.0572267
50,162,160.46131324768066,14.345984697341919,371,-1,1743992900.0467706,1743993074.8540688
805,342,161.5444519519806,30.00070595741272,372,-1,1743992900.1456954,1743993091.6908536
836,254,162.7283775806427,22.0695858001709,373,-1,1743992900.246163,1743993085.0441263
726,199,163.1839394569397,16.663731336593628,374,-1,1743992900.3494887,1743993080.1971598
739,308,163.8000602722168,26.479825735092163,375,-1,1743992900.448456,1743993090.7283423
525,154,163.6942925453186,12.518420934677124,376,-1,1743992900.5506568,1743993076.7633703
52,376,163.59671092033386,33.56704807281494,377,-1,1743992900.6513152,1743993097.8150744
45,340,163.50269198417664,30.821569442749023,378,-1,1743992900.7518735,1743993095.0761352
130,377,163.38941526412964,34.47117042541504,379,-1,1743992900.8526652,1743993098.713251
66,338,163.29730033874512,31.22610855102539,380,-1,1743992900.9531379,1743993095.476547
816,991,165.68139553070068,86.16124391555786,381,-1,1743992901.0542195,1743993152.8968592
641,716,168.92685985565186,61.463149070739746,382,-1,1743992901.1545727,1743993131.5445821
671,589,168.83018469810486,50.303613901138306,383,-1,1743992901.255501,1743993120.3893006
564,901,168.73504281044006,77.10262894630432,384,-1,1743992901.3554728,1743993147.1931448
780,880,169.5514211654663,75.70132207870483,385,-1,1743992901.4559367,1743993146.7086804
561,544,169.95078825950623,48.058404207229614,386,-1,1743992901.5564177,1743993119.5656104
88,43,169.85400700569153,2.9911751747131348,387,-1,1743992901.6569414,1743993074.5021238
80,204,169.73787379264832,19.961974620819092,388,-1,1743992901.7574453,1743993091.457294
36,9,169.64432168006897,0.5283939838409424,389,-1,1743992901.8578188,1743993072.0305345
112,354,169.53946375846863,33.036014795303345,390,-1,1743992901.9582613,1743993104.53374
66,943,169.44640254974365,84.78421783447266,391,-1,1743992902.0586936,1743993156.2893143
193,330,169.34909224510193,33.02556872367859,392,-1,1743992902.1591327,1743993104.5337942
52,111,169.2409863471985,14.678109407424927,393,-1,1743992902.2598124,1743993086.1789083
292,381,169.9787881374359,38.44852113723755,394,-1,1743992902.3612192,1743993110.788529
58,245,169.88228607177734,27.499249696731567,395,-1,1743992902.4616766,1743993099.8432126
1715,192,177.43347001075745,17.044438123703003,396,-1,1743992902.5615509,1743993097.0394592
70,243,177.74133920669556,21.71733593940735,397,-1,1743992902.6618512,1743993102.1205266
77,293,177.76966667175293,25.337429523468018,398,-1,1743992902.7625136,1743993105.8696103
60,259,177.53378438949585,22.845146656036377,399,-1,1743992902.862968,1743993103.2418993
133,7,177.44563007354736,0.8977384567260742,400,-1,1743992902.9635239,1743993081.3068924
60,265,177.3399214744568,23.221797466278076,401,-1,1743992903.0642135,1743993103.6259327
40,192,177.24370074272156,17.324068069458008,402,-1,1743992903.1647024,1743993097.7324715
171,215,177.7654812335968,18.45099139213562,403,-1,1743992903.2653117,1743993099.4817846
388,2,177.67138004302979,0.06778550148010254,404,-1,1743992903.3659217,1743993081.1050875
262,266,177.62516498565674,22.9572491645813,405,-1,1743992903.466475,1743993104.0488894
397,298,177.45820665359497,25.42243194580078,406,-1,1743992903.5696292,1743993106.4502678
371,335,177.63692235946655,29.48647451400757,407,-1,1743992903.6675627,1743993110.7909598
295,297,178.27584600448608,27.30483388900757,408,-1,1743992903.7680354,1743993109.3487153
49,176,178.17992281913757,16.97652530670166,409,-1,1743992903.868364,1743993099.0248125
115,540,179.88746070861816,46.1023645401001,410,-1,1743992903.9689217,1743993129.9587471
205,920,179.7873730659485,80.13860988616943,411,-1,1743992904.070922,1743993163.9969053
804,434,180.1795027256012,36.96804332733154,412,-1,1743992904.1712809,1743993121.3188272
549,546,180.07697868347168,46.65407705307007,413,-1,1743992904.2717838,1743993131.0028398
772,31,181.0005660057068,2.823075532913208,414,-1,1743992904.3723476,1743993088.1959896
778,408,184.06239581108093,34.76883268356323,415,-1,1743992904.4728734,1743993123.3041022
40,77,183.9628505706787,6.9392249584198,416,-1,1743992904.5734282,1743993095.475504
1203,957,185.31532835960388,83.80956029891968,417,-1,1743992904.6740117,1743993173.7989008
837,973,185.94212412834167,85.82247543334961,418,-1,1743992904.7746263,1743993176.539226
833,40,186.190735578537,3.259220838546753,419,-1,1743992904.8761969,1743993094.3261533
1216,752,188.80935049057007,65.82016324996948,420,-1,1743992904.9782128,1743993159.6077268
82,739,188.71376037597656,64.10881996154785,421,-1,1743992905.0787606,1743993157.9013412
662,679,189.4370892047882,59.002386808395386,422,-1,1743992905.179285,1743993153.6187613
443,317,190.38754963874817,27.32274842262268,423,-1,1743992905.2798772,1743993122.9901757
817,1023,192.20828342437744,92.38872051239014,424,-1,1743992905.3806112,1743993189.977615
43,256,192.10598754882812,21.102698802947998,425,-1,1743992905.4812741,1743993118.6899605
45,35,191.99816703796387,2.6440916061401367,426,-1,1743992905.593129,1743993100.2353878
57,231,191.89978098869324,19.408541917800903,427,-1,1743992905.687984,1743993116.9963071
39,403,192.02790141105652,34.53478693962097,428,-1,1743992905.7959669,1743993132.3586555
42,322,191.92602682113647,27.67586040496826,429,-1,1743992905.891008,1743993125.4928956
51,619,191.91711711883545,53.91407585144043,430,-1,1743992905.991586,1743993151.8227792
416,449,193.7368564605713,37.892629861831665,431,-1,1743992906.0993319,1743993137.7288184
62,29,193.63996529579163,2.6571860313415527,432,-1,1743992906.194122,1743993102.4912736
347,446,193.54338479042053,37.5481538772583,433,-1,1743992906.294551,1743993137.3860898
171,239,193.43798804283142,20.09505343437195,434,-1,1743992906.3950436,1743993119.9280853
433,448,194.28975915908813,38.07532286643982,435,-1,1743992906.495588,1743993138.8606706
88,340,194.17924118041992,27.765632390975952,436,-1,1743992906.5961893,1743993128.541063
378,218,194.07592368125916,17.726646184921265,437,-1,1743992906.6966093,1743993118.4991794
379,132,193.98454236984253,11.721179246902466,438,-1,1743992906.7971702,1743993112.5028918
70,344,193.87730264663696,29.490696907043457,439,-1,1743992906.9033244,1743993130.2713242
49,92,194.9200415611267,7.7203943729400635,440,-1,1743992907.0038838,1743993109.64432
46,379,194.81784462928772,31.616514444351196,441,-1,1743992907.104527,1743993133.5388863
646,553,194.70419073104858,47.8298659324646,442,-1,1743992907.2051308,1743993149.7391877
617,330,197.51541996002197,30.17417335510254,443,-1,1743992907.3058312,1743993134.9954245
689,437,200.71859788894653,36.93437337875366,444,-1,1743992907.4064648,1743993145.059436
397,473,201.10251140594482,40.75996446609497,445,-1,1743992907.5072436,1743993149.3697197
53,418,200.9953327178955,35.28863167762756,446,-1,1743992907.6151857,1743993143.8991504
54,341,200.89127397537231,28.549784183502197,447,-1,1743992907.715717,1743993137.1567755
436,557,201.11938214302063,47.9406361579895,448,-1,1743992907.8163846,1743993156.876403
414,753,201.02059841156006,67.02048468589783,449,-1,1743992907.9168851,1743993175.9579685
704,45,201.6121370792389,4.021619558334351,450,-1,1743992908.0174396,1743993113.6511965
345,368,201.68408036231995,33.30757021903992,451,-1,1743992908.1178296,1743993143.1094804
624,233,205.28731322288513,20.02786111831665,452,-1,1743992908.2186067,1743993133.5337813
386,461,205.53312969207764,40.694523334503174,453,-1,1743992908.318987,1743993154.54664
635,574,207.45466899871826,52.3683967590332,454,-1,1743992908.4196546,1743993168.2427208
219,172,207.35082411766052,17.470913887023926,455,-1,1743992908.5202632,1743993133.3420014
276,594,211.29722690582275,53.146058559417725,456,-1,1743992908.620838,1743993173.0641236
394,727,212.0710265636444,66.15910267829895,457,-1,1743992908.7214298,1743993186.9515593
628,422,211.96130633354187,37.81439471244812,458,-1,1743992908.8219945,1743993158.5976958
567,9,212.75259518623352,1.876878261566162,459,-1,1743992908.9225452,1743993123.552019
329,91,214.1984622478485,7.435003280639648,460,-1,1743992909.0231555,1743993130.6566215
48,504,214.10315203666687,44.49784970283508,461,-1,1743992909.123568,1743993167.72457
118,275,214.3264970779419,23.09181022644043,462,-1,1743992909.224154,1743993146.6424615
51,493,214.2238221168518,43.42875790596008,463,-1,1743992909.3247209,1743993166.9773014
78,55,214.12146067619324,4.015451908111572,464,-1,1743992909.425103,1743993127.5620158
44,283,214.01615166664124,25.269269704818726,465,-1,1743992909.5255136,1743993148.8109353
54,334,213.913733959198,30.40586233139038,466,-1,1743992909.6259828,1743993153.9455793
173,372,213.82300519943237,34.483466148376465,467,-1,1743992909.7267313,1743993158.033203
134,191,213.72060084342957,18.089857816696167,468,-1,1743992909.8275049,1743993141.6379635
70,125,213.80427742004395,12.28236699104309,469,-1,1743992909.9363892,1743993136.0230339
39,14,213.71853399276733,0.870882511138916,470,-1,1743992910.034738,1743993124.6241548
77,59,213.6082022190094,6.8990256786346436,471,-1,1743992910.1355765,1743993130.6428046
258,270,213.50926852226257,27.06071186065674,472,-1,1743992910.236147,1743993150.8061275
279,159,215.07535243034363,16.71042251586914,473,-1,1743992910.3453188,1743993142.131094
57,33,214.96385288238525,6.476174592971802,474,-1,1743992910.451219,1743993131.8912468
124,154,214.87547492980957,16.704564809799194,475,-1,1743992910.5519426,1743993142.1319826
37,10,214.78061509132385,4.3367979526519775,476,-1,1743992910.6526866,1743993129.7701
387,274,218.93772673606873,24.25437045097351,477,-1,1743992910.753529,1743993153.9456267
47,319,218.83944749832153,29.17348623275757,478,-1,1743992910.8571715,1743993158.8701055
452,302,219.2423074245453,26.933700799942017,479,-1,1743992910.955505,1743993157.131513
63,153,219.14813709259033,13.172934293746948,480,-1,1743992911.0559285,1743993143.377
55,175,219.22205185890198,15.117825746536255,481,-1,1743992911.156566,1743993145.4964435
97,73,219.12914371490479,6.151174306869507,482,-1,1743992911.257198,1743993136.5375164
424,561,219.4968011379242,51.693538188934326,483,-1,1743992911.3579152,1743993182.5482547
694,444,219.94658637046814,40.141319274902344,484,-1,1743992911.4584544,1743993171.5463603
88,292,219.8502221107483,25.722047567367554,485,-1,1743992911.5592003,1743993157.1314704
208,57,219.73029112815857,4.518559217453003,486,-1,1743992911.659615,1743993135.9084656
103,194,219.63482451438904,17.104673624038696,487,-1,1743992911.7603736,1743993148.499872
44,188,219.5326361656189,16.733225107192993,488,-1,1743992911.8682654,1743993148.134127
68,388,219.84673190116882,34.11721205711365,489,-1,1743992911.9656477,1743993165.929592
393,431,219.7428388595581,39.03702187538147,490,-1,1743992912.0663633,1743993170.8462243
116,223,219.63893842697144,19.642539501190186,491,-1,1743992912.1694643,1743993151.4509425
45,536,219.5451991558075,49.17693614959717,492,-1,1743992912.2720327,1743993180.9941685
804,452,221.5735535621643,41.11132001876831,493,-1,1743992912.3688676,1743993175.0537415
215,467,221.473393201828,44.27982687950134,494,-1,1743992912.4695024,1743993178.2227228
56,415,221.3688428401947,39.3860399723053,495,-1,1743992912.5733285,1743993173.3282115
49,103,221.26281547546387,11.0121488571167,496,-1,1743992912.671195,1743993144.9461596
48,494,222.46708035469055,48.25398635864258,497,-1,1743992912.7767527,1743993183.4978194
66,78,222.36349534988403,8.46097469329834,498,-1,1743992912.8773768,1743993143.701847
55,622,222.2474386692047,62.243175983428955,499,-1,1743992912.980855,1743993197.4714699
686,799,225.29775714874268,76.04546761512756,500,-1,1743992913.0806713,1743993214.423896
578,798,225.2097406387329,75.47101974487305,501,-1,1743992913.1814537,1743993213.8622143
44,277,225.10979104042053,24.66934585571289,502,-1,1743992913.2819788,1743993163.061116
42,337,224.99485087394714,30.02353262901306,503,-1,1743992913.3825092,1743993168.4008927
51,404,224.91211819648743,36.65749382972717,504,-1,1743992913.4828951,1743993175.0525074
36,8,224.80522441864014,0.7674641609191895,505,-1,1743992913.5852337,1743993139.1579227
45,149,224.6954963207245,13.079047679901123,506,-1,1743992913.6838036,1743993151.4583478
49,329,224.6050729751587,30.0068998336792,507,-1,1743992913.78897,1743993168.4009433
405,539,224.49547266960144,54.66743874549866,508,-1,1743992913.8887181,1743993193.0516298
67,378,224.39378094673157,39.15028715133667,509,-1,1743992913.9893992,1743993177.533468
486,168,225.0613145828247,21.715418577194214,510,-1,1743992914.0922217,1743993160.8689554
173,403,224.9613902568817,44.343857765197754,511,-1,1743992914.192616,1743993183.497864
329,408,231.13916754722595,39.930771589279175,512,-1,1743992914.2934227,1743993185.3633618
315,99,231.26598834991455,9.483152389526367,513,-1,1743992914.3941681,1743993155.1433089
2544,237,233.63331151008606,21.264193773269653,514,-1,1743992914.4949408,1743993169.3924465
264,562,233.6988549232483,54.17911171913147,515,-1,1743992914.5955904,1743993202.4735572
41,145,233.90931940078735,13.379793882369995,516,-1,1743992914.7012274,1743993161.9903412
51,331,233.81602334976196,31.43750238418579,517,-1,1743992914.7982967,1743993180.0518227
280,163,234.6242184638977,14.405386447906494,518,-1,1743992914.8987722,1743993163.9283774
404,196,235.14129114151,16.970999717712402,519,-1,1743992914.9995327,1743993167.1118238
360,154,235.03467321395874,13.464173316955566,520,-1,1743992915.1001096,1743993163.5989563
222,110,234.94488883018494,10.472479104995728,521,-1,1743992915.2006118,1743993160.61798
51,461,234.83544254302979,44.71672034263611,522,-1,1743992915.3012998,1743993194.853463
43,108,234.7448287010193,10.400619268417358,523,-1,1743992915.4019356,1743993160.5473838
55,310,234.64121079444885,30.10011625289917,524,-1,1743992915.5023327,1743993180.2436597
47,175,234.52864694595337,16.646169662475586,525,-1,1743992915.60667,1743993166.7814867
188,155,235.90700840950012,15.037288665771484,526,-1,1743992915.703994,1743993166.6482913
37,32,236.17058730125427,3.1681644916534424,527,-1,1743992915.8046045,1743993155.1433563
66,306,236.0569498538971,30.13308334350586,528,-1,1743992915.9077122,1743993182.097746
42,173,235.96798968315125,17.03535270690918,529,-1,1743992916.008102,1743993169.0114446
345,264,237.15818548202515,25.721083879470825,530,-1,1743992916.1087053,1743993178.9879746
277,76,237.06036639213562,7.865071535110474,531,-1,1743992916.2093177,1743993161.1347558
96,355,237.42518162727356,34.47312641143799,532,-1,1743992916.3098564,1743993188.2081647
2232,799,240.11470913887024,75.87311506271362,533,-1,1743992916.4105356,1743993232.39836
585,390,240.61419582366943,38.56581163406372,534,-1,1743992916.511247,1743993195.6912546
1177,332,240.96356630325317,31.49516272544861,535,-1,1743992916.6118562,1743993189.0705853
1578,271,241.87980318069458,25.531168699264526,536,-1,1743992916.7201579,1743993184.1311302
209,48,241.90855956077576,3.8616433143615723,537,-1,1743992916.8164413,1743993162.5866444
1039,428,242.34204816818237,41.13077402114868,538,-1,1743992916.9171135,1743993200.3899362
213,260,242.98501062393188,24.063204526901245,539,-1,1743992917.017717,1743993184.0659323
350,143,242.89260339736938,12.462896823883057,540,-1,1743992917.118861,1743993172.4743612
84,196,242.79070711135864,17.840167999267578,541,-1,1743992917.2193816,1743993177.850257
219,217,242.6950023174286,19.846511363983154,542,-1,1743992917.322134,1743993179.863648
133,108,242.5989954471588,8.98805570602417,543,-1,1743992917.4226713,1743993169.009723
1149,379,247.07590579986572,39.12960696220398,544,-1,1743992917.5233543,1743993203.7288673
1493,272,246.98814177513123,30.755512714385986,545,-1,1743992917.6281807,1743993195.3718352
260,189,250.66408276557922,19.439975261688232,546,-1,1743992917.728861,1743993187.8329194
1072,251,250.9736020565033,25.399847269058228,547,-1,1743992917.8293326,1743993194.202782
993,133,252.12913870811462,12.550917625427246,548,-1,1743992917.9298184,1743993182.6098752
287,78,252.00291228294373,7.6650285720825195,549,-1,1743992918.0471542,1743993177.7150953
268,75,251.9179937839508,7.478587627410889,550,-1,1743992918.1376123,1743993177.5341942
1178,372,252.2188150882721,36.295348167419434,551,-1,1743992918.2412786,1743993206.7554421
57,183,252.110004901886,17.75528120994568,552,-1,1743992918.343786,1743993188.2090724
51,412,252.0280749797821,39.691471576690674,553,-1,1743992918.4422793,1743993210.1618261
153,177,251.92801213264465,17.362148761749268,554,-1,1743992918.5428102,1743993187.8329713
140,704,251.82146406173706,71.90514492988586,555,-1,1743992918.643294,1743993242.3699033
44,335,251.71991395950317,32.72935128211975,556,-1,1743992918.7437193,1743993203.1929848
45,480,252.1005573272705,46.85563111305237,557,-1,1743992918.8466892,1743993217.8028781
1072,431,253.0027117729187,41.47447752952576,558,-1,1743992918.945583,1743993213.4227726
20473,458,272.3758714199066,44.13381028175354,559,-1,1743992919.0460455,1743993235.5557277
50,68,272.26927375793457,8.039084196090698,560,-1,1743992919.1483207,1743993199.4566789
509,97,275.28581833839417,8.96170949935913,561,-1,1743992919.2486897,1743993203.496218
59,53,275.17793560028076,4.922503471374512,562,-1,1743992919.3493328,1743993199.4497721
66,410,275.0811975002289,37.09538149833679,563,-1,1743992919.4499822,1743993231.6265612
48,242,274.97065711021423,22.824358463287354,564,-1,1743992919.5574896,1743993217.3525054
63,308,274.87343764305115,28.3643217086792,565,-1,1743992919.6572344,1743993222.8949938
94,52,274.7756094932556,4.852647066116333,566,-1,1743992919.7572224,1743993199.3854792
346,260,275.18799781799316,24.293749570846558,567,-1,1743992919.8586364,1743993219.340384
1573,424,276.30784273147583,38.55950379371643,568,-1,1743992919.9633498,1743993234.8306963
394,483,277.64352583885193,49.911388635635376,569,-1,1743992920.0640852,1743993247.6190004
921,428,280.8129925727844,44.181432008743286,570,-1,1743992920.1651406,1743993245.1595657
751,87,280.7062110900879,9.188879251480103,571,-1,1743992920.2658873,1743993210.1609778
404,280,283.0574281215668,25.24852752685547,572,-1,1743992920.3691397,1743993228.6750956
51,24,283.2639317512512,2.272873640060425,573,-1,1743992920.4695404,1743993206.006346
77,3,283.1623070240021,0.6041557788848877,574,-1,1743992920.5704038,1743993204.3368669
298,39,283.0596318244934,3.7323341369628906,575,-1,1743992920.6709223,1743993207.4628885
383,108,283.47635889053345,8.734238147735596,576,-1,1743992920.771521,1743993212.9821184
191,931,283.3700108528137,91.40249872207642,577,-1,1743992920.8797245,1743993295.6522343
800,409,283.2717137336731,42.61686420440674,578,-1,1743992920.9750988,1743993246.863677
475,451,286.1411714553833,46.774866819381714,579,-1,1743992921.0756915,1743993253.9917297
786,175,286.0423786640167,16.88758158683777,580,-1,1743992921.179521,1743993224.1094813
408,28,286.4197280406952,4.568290710449219,581,-1,1743992921.2791033,1743993212.2671223
795,456,291.9659330844879,46.62006092071533,582,-1,1743992921.3797686,1743993259.9657629
796,713,292.3021140098572,71.83646130561829,583,-1,1743992921.4803925,1743993285.618968
761,290,292.83802032470703,31.692036151885986,584,-1,1743992921.5850637,1743993246.1151206
67,342,292.7361795902252,36.74999189376831,585,-1,1743992921.6856203,1743993251.171792
64,176,292.6276595592499,15.209461688995361,586,-1,1743992921.7865252,1743993229.6236467
513,559,292.53270053863525,54.389649391174316,587,-1,1743992921.8875067,1743993268.8098571
45,81,292.4291982650757,7.097248554229736,588,-1,1743992921.9881918,1743993221.514639
79,345,292.3267197608948,36.975401878356934,589,-1,1743992922.0893142,1743993251.3914363
39,137,292.2320601940155,12.001611709594727,590,-1,1743992922.1902032,1743993226.4238753
45,204,292.1299695968628,17.55617904663086,591,-1,1743992922.2907364,1743993231.9768853
41,25,292.02653789520264,2.218644380569458,592,-1,1743992922.391305,1743993216.6364875
265,28,292.3053877353668,2.160142660140991,593,-1,1743992922.4917035,1743993216.957234
42,485,292.19544672966003,47.85957884788513,594,-1,1743992922.5966299,1743993262.6516557
46,201,292.1075644493103,17.029409885406494,595,-1,1743992922.6939323,1743993231.8309066
46,712,290.72686219215393,71.62418365478516,596,-1,1743992924.0754032,1743993286.4264493
121,27,290.6619756221771,2.0787277221679688,597,-1,1743992924.1342812,1743993216.8749845
48,302,290.55464696884155,32.82938265800476,598,-1,1743992924.2349176,1743993247.6189475
54,478,290.46255898475647,47.85318970680237,599,-1,1743992924.3359556,1743993262.6517045
364,189,290.3573660850525,29.98271942138672,600,-1,1743992924.436741,1743993244.7768269
503,299,293.5379385948181,43.7070631980896,601,-1,1743992924.537445,1743993261.782447
468,396,294.9780786037445,54.079904079437256,602,-1,1743992924.6380038,1743993273.6959867
651,524,308.35435223579407,54.93935990333557,603,-1,1743992924.738874,1743993288.0325863
62,249,308.2572076320648,27.40005898475647,604,-1,1743992924.8394868,1743993260.4967537
41,72,308.1607711315155,11.49321460723877,605,-1,1743992924.9403133,1743993244.5942993
37,52,308.0475826263428,9.958193063735962,606,-1,1743992925.0443647,1743993243.0501406
65,398,307.9478554725647,41.556482791900635,607,-1,1743992925.143085,1743993274.6474237
56,39,307.84788942337036,8.650859117507935,608,-1,1743992925.2494276,1743993241.7481763
44,329,307.751012802124,33.86334252357483,609,-1,1743992925.3467724,1743993266.9611278
397,114,307.6520218849182,16.043456315994263,610,-1,1743992925.4473867,1743993249.1428652
46,75,307.5479860305786,11.902480840682983,611,-1,1743992925.5479326,1743993244.9983997
683,655,307.65154457092285,65.85387778282166,612,-1,1743992925.6485004,1743993299.153923
436,123,309.63655829429626,16.78190541267395,613,-1,1743992925.749154,1743993252.167618
369,429,309.53132677078247,44.888638734817505,614,-1,1743992925.8498108,1743993280.2697766
384,447,309.4291136264801,46.7650887966156,615,-1,1743992925.9553535,1743993282.1495562
316,435,310.14736890792847,44.69745874404907,616,-1,1743992926.0514352,1743993280.8962631
51,383,310.0517783164978,39.62880563735962,617,-1,1743992926.155897,1743993275.836481
152,230,309.94960832595825,24.614851713180542,618,-1,1743992926.2566373,1743993260.8210976
91,395,309.84293031692505,41.296674489974976,619,-1,1743992926.3580368,1743993277.497642
544,143,309.7446002960205,18.035747528076172,620,-1,1743992926.4584382,1743993254.238786
1269,339,310.3115077018738,33.73708152770996,621,-1,1743992926.559202,1743993270.6077912
347,185,310.20361971855164,20.719507455825806,622,-1,1743992926.6598284,1743993257.5829558
320,241,310.10227608680725,24.714012145996094,623,-1,1743992926.7606974,1743993261.5769856
58,158,309.99897933006287,18.97176480293274,624,-1,1743992926.861328,1743993255.832072
171,144,309.90178894996643,17.75086784362793,625,-1,1743992926.9620984,1743993254.6147554
77,327,309.79891443252563,31.948013305664062,626,-1,1743992927.0629756,1743993268.8099036
357,328,309.7029366493225,32.42535448074341,627,-1,1743992927.163805,1743993269.2920966
70,49,309.60100388526917,7.92043924331665,628,-1,1743992927.2675679,1743993244.7890115
129,465,309.50367975234985,47.802202463150024,629,-1,1743992927.3660333,1743993284.6719158
434,207,310.0503044128418,21.604628801345825,630,-1,1743992927.4666998,1743993259.1216333
640,517,309.96139764785767,52.43510413169861,631,-1,1743992927.567376,1743993289.963878
362,260,309.8585789203644,25.854756832122803,632,-1,1743992927.667953,1743993263.3812892
441,117,309.7507917881012,14.436287641525269,633,-1,1743992927.7686045,1743993251.9556842
459,600,309.65786504745483,59.11105298995972,634,-1,1743992927.8696504,1743993296.6385686
473,101,310.2126770019531,12.215553760528564,635,-1,1743992927.9702091,1743993250.3984401
334,352,310.10396122932434,34.586769580841064,636,-1,1743992928.0710185,1743993272.7617495
475,317,310.0220787525177,29.727508068084717,637,-1,1743992928.1719391,1743993267.921526
116,292,309.9016718864441,27.800649642944336,638,-1,1743992928.2741773,1743993265.9764996
323,265,309.80797481536865,25.761876821517944,639,-1,1743992928.3738701,1743993263.9437218
435,99,310.3804097175598,11.30277967453003,640,-1,1743992928.4745796,1743993250.1577692
394,268,310.27204871177673,25.497837781906128,641,-1,1743992928.5754626,1743993264.3453496
508,350,310.17225909233093,33.671045780181885,642,-1,1743992928.6759799,1743993272.5192847
428,316,310.07870721817017,29.064132928848267,643,-1,1743992928.7786374,1743993267.9214776
517,370,309.96401143074036,35.80645751953125,644,-1,1743992928.8780265,1743993274.6484957
405,454,310.52011609077454,44.0740442276001,645,-1,1743992928.9786928,1743993283.572853
148,273,310.43041038513184,25.364725351333618,646,-1,1743992929.079369,1743993264.874505
484,334,310.33179235458374,30.757387161254883,647,-1,1743992929.1799345,1743993270.269114
393,385,310.23420119285583,37.41769361495972,648,-1,1743992929.2806437,1743993276.932539
303,339,310.11864948272705,31.992218017578125,649,-1,1743992929.3815498,1743993271.4924176
339,336,310.02984976768494,31.653958082199097,650,-1,1743992929.4893029,1743993271.173111
747,291,310.59867548942566,25.918752670288086,651,-1,1743992929.5858727,1743993266.1033008
362,417,310.5013515949249,39.87177872657776,652,-1,1743992929.6906004,1743993280.063731
357,343,310.3924572467804,31.87227463722229,653,-1,1743992929.792783,1743993272.0575154
271,371,310.26609110832214,35.28782296180725,654,-1,1743992929.8991032,1743993275.4530177
479,327,310.17374444007874,29.565333604812622,655,-1,1743992929.995673,1743993269.7347512
527,384,310.74333357810974,36.39679265022278,656,-1,1743992930.096183,1743993277.2363098
412,444,310.5690002441406,42.16804909706116,657,-1,1743992930.2931993,1743993283.0302486
588,410,310.46134853363037,38.80342936515808,658,-1,1743992930.38855,1743993279.6533282
409,350,310.36348390579224,32.198848247528076,659,-1,1743992930.4894388,1743993273.051771
504,515,310.68286967277527,49.24565601348877,660,-1,1743992930.5900009,1743993290.5185268
152,332,310.599143743515,29.318012237548828,661,-1,1743992930.6905882,1743993270.6077442
442,384,310.4973452091217,36.013423681259155,662,-1,1743992930.7911634,1743993277.3019323
462,374,310.38070034980774,34.498518228530884,663,-1,1743992930.8917222,1743993275.770941
474,455,311.73013401031494,42.76864671707153,664,-1,1743992930.9922194,1743993285.4910004
80,338,311.6163110733032,31.22960925102234,665,-1,1743992931.095539,1743993273.9414597
397,416,311.535676240921,39.87604880332947,666,-1,1743992931.1935658,1743993282.6052914
490,445,314.41598176956177,42.118484020233154,667,-1,1743992931.2943723,1743993287.8288383
513,483,314.29557514190674,48.869595527648926,668,-1,1743992931.3999252,1743993294.5650961
557,479,314.2148699760437,54.11031174659729,669,-1,1743992931.4966588,1743993299.821841
93,269,314.7819855213165,34.46509671211243,670,-1,1743992931.598044,1743993280.8451264
552,478,314.6806597709656,57.07631707191467,671,-1,1743992931.6986654,1743993303.4556425
406,332,315.4271950721741,45.749736309051514,672,-1,1743992931.7993963,1743993292.976328
384,462,315.3233733177185,61.779115200042725,673,-1,1743992931.903672,1743993309.0061607
694,485,322.5212240219116,60.41628551483154,674,-1,1743992932.0037396,1743993314.9412494
423,246,322.71670627593994,38.36738562583923,675,-1,1743992932.1043956,1743993293.1884878
532,343,337.0843315124512,33.2484245300293,676,-1,1743992932.205129,1743993302.5378852
541,834,336.9749507904053,80.118891954422,677,-1,1743992932.3056505,1743993349.3994932
520,392,337.13285779953003,40.54125356674194,678,-1,1743992932.4064848,1743993310.0805964
462,429,337.42373061180115,43.601717948913574,679,-1,1743992932.5071423,1743993313.5325913
513,169,337.99453473091125,18.46871304512024,680,-1,1743992932.6078732,1743993289.071121
158,301,337.8866617679596,29.82613468170166,681,-1,1743992932.7084074,1743993300.4212039
140,481,337.78921246528625,48.59451127052307,682,-1,1743992932.8090215,1743993319.1927454
400,370,338.2363874912262,37.4584174156189,683,-1,1743992932.9097552,1743993308.6045604
106,587,338.1490502357483,57.80226254463196,684,-1,1743992933.0104256,1743993328.9617386
358,399,338.0484092235565,40.59387135505676,685,-1,1743992933.1152303,1743993311.7575111
244,295,337.95390248298645,28.282857418060303,686,-1,1743992933.2145925,1743993299.4513526
454,330,337.83657574653625,31.24856996536255,687,-1,1743992933.3213017,1743993302.4064476
112,459,337.74921321868896,46.05247116088867,688,-1,1743992933.4207203,1743993317.222405
85,401,337.63717341423035,40.78570508956909,689,-1,1743992933.5238054,1743993311.946684
454,259,337.7426073551178,25.146281003952026,690,-1,1743992933.6239717,1743993296.5128603
574,438,338.0719859600067,43.837257385253906,691,-1,1743992933.7253191,1743993315.6345625
154,451,337.96916675567627,45.171507596969604,692,-1,1743992933.8259618,1743993316.9666367
409,345,338.32620573043823,33.354674100875854,693,-1,1743992933.9269505,1743993305.6078305
379,137,338.73908710479736,14.508636474609375,694,-1,1743992934.027658,1743993287.2753818
47,97,338.6358506679535,10.260865211486816,695,-1,1743992934.128166,1743993283.024882
87,129,338.54152274131775,13.95502257347107,696,-1,1743992934.2334266,1743993286.7299721
66,593,338.4366545677185,58.066609382629395,697,-1,1743992934.3327575,1743993330.8360217
399,612,338.5483601093292,59.376508474349976,698,-1,1743992934.4334893,1743993332.3583584
705,486,338.8421370983124,49.54368209838867,699,-1,1743992934.5341606,1743993322.91998
62,385,338.75554752349854,38.85466980934143,700,-1,1743992934.6348646,1743993312.2450821
47,362,338.6383583545685,36.56114459037781,701,-1,1743992934.7355392,1743993309.9350424
42,11,338.5496802330017,0.8635563850402832,702,-1,1743992934.8361828,1743993274.2494197
55,319,338.91652250289917,29.94557547569275,703,-1,1743992934.9369123,1743993303.7990103
125,5,338.8092758655548,0.3177363872528076,704,-1,1743992935.0376663,1743993274.1646788
178,557,338.71045875549316,54.59478974342346,705,-1,1743992935.1383724,1743993328.4436212
3821,311,341.2963364124298,29.602386951446533,706,-1,1743992935.2392514,1743993306.1379752
314,336,341.8780744075775,33.18508505821228,707,-1,1743992935.3399925,1743993310.403152
2953,240,347.0854094028473,21.46407651901245,708,-1,1743992935.4406803,1743993303.9901662
249,126,347.2054834365845,11.683226108551025,709,-1,1743992935.5413735,1743993294.430083
2023,248,348.61539030075073,23.57927656173706,710,-1,1743992935.6420858,1743993307.8367527
1396,236,350.54897713661194,23.1127769947052,711,-1,1743992935.743922,1743993309.4056766
768,744,350.5752263069153,68.88999247550964,712,-1,1743992935.8446817,1743993355.3099008
726,534,350.77775597572327,49.501991510391235,713,-1,1743992935.9454224,1743993336.22517
822,508,352.5261161327362,46.63480186462402,714,-1,1743992936.0547013,1743993335.2156193
819,772,352.4331064224243,71.47079849243164,715,-1,1743992936.1507244,1743993360.0546293
698,307,354.0487587451935,29.27211594581604,716,-1,1743992936.251684,1743993319.5725586
406,593,354.49942660331726,53.46759581565857,717,-1,1743992936.3529656,1743993344.3199883
431,372,354.3892297744751,37.34676933288574,718,-1,1743992936.4541745,1743993328.1901739
474,363,356.8511047363281,36.17369079589844,719,-1,1743992936.555596,1743993329.5803916
1444,441,360.5103905200958,42.09972882270813,720,-1,1743992936.6563218,1743993339.2664416
599,834,362.6859164237976,77.33153510093689,721,-1,1743992936.756826,1743993376.7742777
920,943,362.9616732597351,87.11300468444824,722,-1,1743992936.8575268,1743993386.932205
1146,873,363.2623052597046,82.54357314109802,723,-1,1743992936.9581618,1743993382.7640407
758,679,366.7358281612396,63.42819380760193,724,-1,1743992937.058805,1743993367.2228272
806,351,367.4923937320709,33.22161340713501,725,-1,1743992937.1592438,1743993337.8732514
935,450,367.39225149154663,42.401405334472656,726,-1,1743992937.2598736,1743993347.0535307
752,345,367.669615983963,32.254518270492554,727,-1,1743992937.3602421,1743993337.2843764
664,215,367.5697181224823,21.923545598983765,728,-1,1743992937.4609125,1743993326.9541762
791,489,368.3812963962555,45.2115216255188,729,-1,1743992937.5615723,1743993351.1543906
387,598,369.1371121406555,55.543431758880615,730,-1,1743992937.6620357,1743993362.34258
420,422,369.0425822734833,38.98183631896973,731,-1,1743992937.762619,1743993345.7870378
1635,588,369.5716452598572,53.75048518180847,732,-1,1743992937.8631895,1743993361.1853201
566,517,369.483451128006,46.780292987823486,733,-1,1743992937.963725,1743993354.2274692
482,461,369.38098335266113,41.60866737365723,734,-1,1743992938.064335,1743993349.053986
484,365,369.2729661464691,33.39391279220581,735,-1,1743992938.1649485,1743993340.8318276
1093,509,370.2158329486847,45.12058997154236,736,-1,1743992938.2654665,1743993353.6018896
48,153,370.1213252544403,15.801872730255127,737,-1,1743992938.3661246,1743993324.2893226
535,515,369.997127532959,46.36248326301575,738,-1,1743992938.4741335,1743993354.8337445
39,119,369.89966082572937,11.102607488632202,739,-1,1743992938.570239,1743993319.5725076
365,320,370.1358051300049,28.47308087348938,740,-1,1743992938.6754463,1743993337.2843325
53,75,370.0272047519684,7.516871452331543,741,-1,1743992938.7761714,1743993316.320248
435,704,370.4594495296478,62.8212890625,742,-1,1743992938.8767989,1743993372.1575377
44,143,370.35496735572815,14.77191162109375,743,-1,1743992938.9773862,1743993324.1042655
42,166,370.26217222213745,16.300031661987305,744,-1,1743992939.0780306,1743993325.6402347
149,658,370.1631453037262,59.014622926712036,745,-1,1743992939.1786654,1743993368.3564339
39,27,370.0669710636139,2.600332736968994,746,-1,1743992939.2793157,1743993311.94662
176,516,369.96717596054077,46.63734030723572,747,-1,1743992939.3826501,1743993355.9871666
270,116,370.3210096359253,11.60948371887207,748,-1,1743992939.480801,1743993321.4112947
37,24,370.2221155166626,2.071826457977295,749,-1,1743992939.5815296,1743993311.875472
52,312,370.1369454860687,27.27639651298523,750,-1,1743992939.6838057,1743993337.097148
103,354,370.01865553855896,30.961963891983032,751,-1,1743992939.7844758,1743993340.7650955
39,97,369.91971230506897,8.927878618240356,752,-1,1743992939.8904953,1743993318.7380865
602,532,369.8232102394104,47.533605337142944,753,-1,1743992939.9879706,1743993357.3447862
50,361,369.7292230129242,32.01154613494873,754,-1,1743992940.0887792,1743993341.8295486
1408,389,370.76245379447937,34.11432600021362,755,-1,1743992940.1894429,1743993345.066223
46,400,370.6841959953308,35.67760491371155,756,-1,1743992940.2915208,1743993346.653322
63,390,370.57250452041626,34.69786715507507,757,-1,1743992940.3931751,1743993345.663547
51,21,370.46152114868164,2.1314215660095215,758,-1,1743992940.4937422,1743993313.0866852
696,22,371.6363887786865,1.7156357765197754,759,-1,1743992940.597676,1743993313.9497008
820,5,373.5744767189026,0.2795979976654053,760,-1,1743992940.6971052,1743993314.5511804
1351,5,374.62118196487427,0.26945972442626953,761,-1,1743992940.7978215,1743993315.6884634
1607,5,375.35218358039856,0.2717859745025635,762,-1,1743992940.8987408,1743993316.5227106
2729,3,378.9761564731598,0.14232110977172852,763,-1,1743992940.9996011,1743993320.118079
2950,5,380.23153162002563,0.4636836051940918,764,-1,1743992941.1004305,1743993321.795646
505,3,380.1221990585327,0.13741540908813477,765,-1,1743992941.202827,1743993321.4624417
558,351,380.41260385513306,29.437987565994263,766,-1,1743992941.30375,1743993351.1543417
58,366,380.310005903244,30.77169442176819,767,-1,1743992941.4055626,1743993352.4872634
1519,629,380.95633006095886,53.437514305114746,768,-1,1743992941.506277,1743993375.9001217
43,222,380.8657021522522,17.451428174972534,769,-1,1743992941.607223,1743993339.9243536
48,463,380.7488958835602,40.13262987136841,770,-1,1743992941.7078636,1743993362.5893896
335,216,380.64969968795776,17.588586568832397,771,-1,1743992941.8162339,1743993340.0545204
45,404,380.5400176048279,35.49738836288452,772,-1,1743992941.917826,1743993357.9552321
57,444,380.43791151046753,40.83952975273132,773,-1,1743992942.0181098,1743993363.2955513
870,693,381.1231393814087,66.33853602409363,774,-1,1743992942.1186092,1743993389.5802848
743,632,387.7207419872284,60.97854399681091,775,-1,1743992942.2194593,1743993390.9187455
93,255,387.6098144054413,28.530959367752075,776,-1,1743992942.3201287,1743993358.4609027
68,256,387.51826429367065,29.107139825820923,777,-1,1743992942.420831,1743993359.0462353
81,260,387.4110312461853,29.717133045196533,778,-1,1743992942.5215514,1743993359.649716
57,509,390.0124363899231,49.65792655944824,779,-1,1743992942.6253066,1743993382.2956698
174,419,393.7878911495209,37.924320697784424,780,-1,1743992942.7227316,1743993374.4349437
409,233,394.78911328315735,21.2092604637146,781,-1,1743992942.8233314,1743993358.8217056
286,288,394.68183183670044,26.713768243789673,782,-1,1743992942.9238942,1743993364.3194945
717,464,395.2481954097748,41.65571331977844,783,-1,1743992943.0247705,1743993379.9286792
58,249,395.13959217071533,22.35130739212036,784,-1,1743992943.1254196,1743993360.6163194
58,200,395.041216135025,18.204524040222168,785,-1,1743992943.226027,1743993356.4717677
117,453,394.93634366989136,40.840150594711304,786,-1,1743992943.3271909,1743993379.1036854
48,389,394.8343849182129,34.70426821708679,787,-1,1743992943.4286108,1743993372.9672642
74,376,394.7496175765991,32.98871326446533,788,-1,1743992943.5293655,1743993371.2676964
69,160,394.636079788208,13.972196817398071,789,-1,1743992943.6325684,1743993352.2408452
815,48,395.8581085205078,3.647386074066162,790,-1,1743992943.7311313,1743993343.2366261
2676,614,401.76765751838684,53.77299237251282,791,-1,1743992943.8318067,1743993399.3724568
609,610,401.66310596466064,53.23579001426697,792,-1,1743992943.9325416,1743993398.8314378
167,97,401.56626629829407,7.932164907455444,793,-1,1743992944.0365694,1743993353.5350008
41,336,401.4594762325287,29.451006174087524,794,-1,1743992944.134931,1743993375.0454137
119,78,401.5473139286041,6.645183324813843,795,-1,1743992944.2356133,1743993352.4281108
48,285,401.44020104408264,24.866344690322876,796,-1,1743992944.336455,1743993370.6430013
474,629,401.68430614471436,55.1876175403595,797,-1,1743992944.4371192,1743993401.3090432
40,168,401.5690507888794,15.691286325454712,798,-1,1743992944.5433433,1743993361.8036807
274,222,401.46917176246643,19.985193014144897,799,-1,1743992944.644024,1743993366.0983891
50,24,401.36947298049927,2.0078561305999756,800,-1,1743992944.7447367,1743993348.122066
423,346,402.00901889801025,31.057928562164307,801,-1,1743992944.845414,1743993377.9123616
540,584,402.397109746933,50.54208588600159,802,-1,1743992944.9460266,1743993397.8852222
619,188,404.33497500419617,17.115193605422974,803,-1,1743992945.050508,1743993366.5006769
195,317,404.6195123195648,28.53820037841797,804,-1,1743992945.148181,1743993378.305894
314,375,404.5030174255371,34.190574407577515,805,-1,1743992945.248728,1743993383.94232
172,403,404.41466331481934,36.5278799533844,806,-1,1743992945.3493044,1743993386.291848
349,281,404.30068039894104,25.890897035598755,807,-1,1743992945.4502592,1743993375.6418366
43,236,404.1953237056732,22.763329029083252,808,-1,1743992945.5616515,1743993372.5203044
1116,200,408.5560693740845,17.384751319885254,809,-1,1743992945.6617606,1743993371.6025813
55,206,408.4507703781128,18.622154474258423,810,-1,1743992945.762478,1743993372.835403
54,36,408.35704827308655,3.6838572025299072,811,-1,1743992945.8633,1743993357.9042058
58,232,408.2553176879883,20.44715428352356,812,-1,1743992945.966868,1743993374.66934
42,315,408.15957283973694,28.078038692474365,813,-1,1743992946.0666084,1743993382.3042202
504,935,408.0466368198395,77.53074407577515,814,-1,1743992946.167255,1743993431.7446358
748,351,408.28415060043335,31.11899423599243,815,-1,1743992946.2681649,1743993385.6713102
777,1007,408.79511189460754,82.74175930023193,816,-1,1743992946.3689344,1743993437.9058058
722,1027,409.24718713760376,84.28254842758179,817,-1,1743992946.4694521,1743993439.9991882
41,425,409.14000701904297,36.95714545249939,818,-1,1743992946.5736053,1743993392.6707582
55,816,409.03597688674927,66.92015647888184,819,-1,1743992946.6714883,1743993422.627622
51,656,408.94263672828674,54.98125624656677,820,-1,1743992946.7722106,1743993410.696104
218,786,408.8326015472412,64.62063932418823,821,-1,1743992946.8727148,1743993420.3259559
60,185,408.7419867515564,15.25675892829895,822,-1,1743992946.9733365,1743993370.9720824
45,95,408.6437997817993,8.82999873161316,823,-1,1743992947.0738978,1743993364.5476966
39,261,408.5443489551544,23.39459204673767,824,-1,1743992947.1746528,1743993379.113594
403,287,408.91254711151123,25.662492275238037,825,-1,1743992947.2751367,1743993381.8501763
393,367,410.2492940425873,32.45336294174194,826,-1,1743992947.3791168,1743993390.081774
38,2,410.16194200515747,0.07866501808166504,827,-1,1743992947.4769506,1743993357.7175577
37,18,410.0533413887024,1.478480577468872,828,-1,1743992947.5818381,1743993359.1136603
85,699,409.9574885368347,57.98363924026489,829,-1,1743992947.678684,1743993415.619812
120,609,410.051292181015,51.094486474990845,830,-1,1743992947.7795026,1743993408.9252815
193,144,410.2320475578308,12.19915771484375,831,-1,1743992947.880325,1743993370.3115306
60,32,410.12605905532837,3.8846077919006348,832,-1,1743992947.980985,1743993361.991652
877,445,412.33517932891846,37.68376421928406,833,-1,1743992948.081512,1743993398.1004558
877,832,412.7859089374542,67.6504864692688,834,-1,1743992948.182368,1743993428.6187634
472,321,413.51292181015015,27.321255683898926,835,-1,1743992948.2829673,1743993389.117145
42,188,413.41083121299744,15.983759880065918,836,-1,1743992948.3837209,1743993377.778312
101,607,413.30579924583435,49.96774935722351,837,-1,1743992948.4851902,1743993411.758739
636,535,413.2139070034027,44.55936551094055,838,-1,1743992948.5847552,1743993406.358028
53,655,413.11235880851746,53.42330837249756,839,-1,1743992948.6852806,1743993415.220948
40,190,412.99720096588135,16.12041997909546,840,-1,1743992948.7913384,1743993377.9089596
51,672,412.9068191051483,55.04141902923584,841,-1,1743992948.8923357,1743993416.840574
599,777,413.5951478481293,62.437320709228516,842,-1,1743992948.992845,1743993425.0253136
653,761,413.79517102241516,67.3814742565155,843,-1,1743992949.0936317,1743993430.2702777
808,285,422.88379526138306,23.995140314102173,844,-1,1743992949.1944928,1743993396.0734286
492,894,422.78724002838135,72.63405871391296,845,-1,1743992949.2952363,1743993444.7165353
678,494,423.052711725235,40.514559268951416,846,-1,1743992949.3959956,1743993412.9632666
609,253,423.2717750072479,22.900546073913574,847,-1,1743992949.4965348,1743993395.668856
1200,681,426.96415853500366,54.193666219711304,848,-1,1743992949.5972776,1743993430.7551024
199,619,426.87544679641724,49.16637063026428,849,-1,1743992949.6980245,1743993425.7398424
540,761,426.76977825164795,60.901899337768555,850,-1,1743992949.798637,1743993437.4703147
814,1046,427.3955361843109,88.56251811981201,851,-1,1743992949.899466,1743993465.8575206
818,947,427.30159759521484,77.75773692131042,852,-1,1743992950.0001695,1743993455.0595043
769,955,428.1400353908539,79.85146617889404,853,-1,1743992950.10053,1743993458.0920317
794,843,428.43508291244507,67.70357298851013,854,-1,1743992950.2011623,1743993446.3398185
809,894,429.94994473457336,75.57046222686768,855,-1,1743992950.3076587,1743993455.8280659
817,831,433.01490688323975,65.7848858833313,856,-1,1743992950.408921,1743993449.208714
819,656,432.9090759754181,51.22778868675232,857,-1,1743992950.5098557,1743993434.646721
824,886,433.5205121040344,74.95194506645203,858,-1,1743992950.6175807,1743993459.090038
407,799,435.32392954826355,65.51195883750916,859,-1,1743992950.714435,1743993451.5503237
500,267,436.6340765953064,20.84628438949585,860,-1,1743992950.8151073,1743993408.2954686
1054,486,436.5357747077942,39.026885747909546,861,-1,1743992950.9161065,1743993426.4787672
464,401,438.93821811676025,30.640496492385864,862,-1,1743992951.016931,1743993420.595646
398,602,438.8273775577545,46.993900775909424,863,-1,1743992951.1227372,1743993436.9440162
1087,977,440.0925626754761,83.38068747520447,864,-1,1743992951.2199,1743993474.6931503
1136,605,447.3842508792877,47.63466286659241,865,-1,1743992951.320655,1743993446.339569
618,643,447.2895333766937,51.96205973625183,866,-1,1743992951.4214003,1743993450.672994
814,227,447.6454074382782,17.134175777435303,867,-1,1743992951.5222569,1743993416.3018403
836,145,448.40286087989807,10.313019037246704,868,-1,1743992951.6229835,1743993410.3388634
458,721,448.29911828041077,60.766122817993164,869,-1,1743992951.7289767,1743993460.794218
807,911,448.4399936199188,77.91881346702576,870,-1,1743992951.8353994,1743993478.1942067
567,724,448.33268189430237,68.16977620124817,871,-1,1743992951.9418488,1743993468.444307
806,580,449.75144505500793,61.63863921165466,872,-1,1743992952.0408504,1743993463.4309351
575,969,449.65807008743286,89.09253478050232,873,-1,1743992952.1417341,1743993490.8923395
639,630,464.3383617401123,54.53658103942871,874,-1,1743992952.2424679,1743993471.117411
776,36,464.8194465637207,8.577320337295532,875,-1,1743992952.343141,1743993425.7399085
512,842,472.90597462654114,66.1283004283905,876,-1,1743992952.449853,1743993491.4841282
1047,175,473.6825978755951,14.922197818756104,877,-1,1743992952.5452983,1743993441.1500943
49,167,473.5825662612915,13.640538930892944,878,-1,1743992952.6467628,1743993439.8698683
45,310,473.4760355949402,27.44049859046936,879,-1,1743992952.7468357,1743993453.6633701
68,251,473.3747310638428,20.98346447944641,880,-1,1743992952.8476577,1743993447.2058535
52,513,473.2835247516632,45.240907192230225,881,-1,1743992952.9484825,1743993471.472915
53,5,473.183207988739,0.2462451457977295,882,-1,1743992953.049269,1743993426.4787223
59,264,473.0734724998474,21.81598949432373,883,-1,1743992953.1499703,1743993448.0394325
56,881,472.9700539112091,67.82407331466675,884,-1,1743992953.2506483,1743993494.044776
219,244,473.3660807609558,20.351804971694946,885,-1,1743992953.351617,1743993447.069503
168,292,473.26674461364746,25.602945804595947,886,-1,1743992953.4560206,1743993452.3257113
66,50,473.1712918281555,4.028275966644287,887,-1,1743992953.5548155,1743993430.7543836
95,35,473.0629053115845,3.1532437801361084,888,-1,1743992953.6555467,1743993429.8716965
59,383,472.96006441116333,37.02290368080139,889,-1,1743992953.7562919,1743993463.7392602
40,262,472.85972929000854,25.017076015472412,890,-1,1743992953.8571453,1743993451.733951
777,374,475.0930914878845,35.68976640701294,891,-1,1743992953.9580958,1743993464.7409537
1110,538,474.5418219566345,46.48517465591431,892,-1,1743992955.8858614,1743993476.9128585
1093,110,475.43613266944885,9.237773895263672,893,-1,1743992955.9770446,1743993440.6509514
52,72,475.34858083724976,5.2573957443237305,894,-1,1743992956.078124,1743993436.6841009
54,691,475.2232754230499,55.66950511932373,895,-1,1743992956.1853116,1743993487.0780923
43,302,475.1301190853119,28.709590435028076,896,-1,1743992956.2836294,1743993460.123339
45,8,475.02706241607666,0.7563858032226562,897,-1,1743992956.3916914,1743993432.17514
115,26,474.93291187286377,1.903294324874878,898,-1,1743992956.4895759,1743993433.3257823
195,155,474.83627009391785,12.586650609970093,899,-1,1743992956.591357,1743993444.0142777
81,7,474.73085618019104,0.687119722366333,900,-1,1743992956.692178,1743993432.1101542
55,291,474.6322777271271,27.179249048233032,901,-1,1743992956.7928445,1743993458.6043715
55,247,474.5182662010193,22.18563461303711,902,-1,1743992956.893624,1743993453.5975254
55,307,474.4158856868744,29.049286603927612,903,-1,1743992956.9945087,1743993460.459681
44,24,474.3244113922119,1.7777519226074219,904,-1,1743992957.0955963,1743993433.19776
1068,184,474.9118592739105,17.09772753715515,905,-1,1743992957.1964989,1743993449.2060862
82,583,474.79972219467163,51.754863262176514,906,-1,1743992957.2972522,1743993483.8518379
591,431,480.32051181793213,37.78618907928467,907,-1,1743992957.3981583,1743993475.5048597
1538,440,481.0802640914917,37.8030469417572,908,-1,1743992957.4986286,1743993476.3819396
1307,507,482.92751932144165,42.18409562110901,909,-1,1743992957.599364,1743993482.7109792
48,775,482.81682324409485,56.71137619018555,910,-1,1743992957.7000463,1743993497.228246
117,391,482.72056126594543,34.108816146850586,911,-1,1743992957.8009667,1743993474.6303442
440,153,483.1189558506012,13.594447135925293,912,-1,1743992957.9035306,1743993454.6169338
521,110,483.0123965740204,8.189508438110352,913,-1,1743992958.002937,1743993449.2048423
58,250,482.9065930843353,24.30224585533142,914,-1,1743992958.1097784,1743993465.3186176
46,398,483.15516543388367,35.018205404281616,915,-1,1743992958.2090187,1743993476.3823898
155,39,483.0552296638489,3.7799036502838135,916,-1,1743992958.3096771,1743993445.1448107
51,138,482.95129466056824,15.6762216091156,917,-1,1743992958.410516,1743993457.0380323
58,27,482.8472652435303,1.691161870956421,918,-1,1743992958.51173,1743993443.0501573
55,141,482.74114871025085,17.383392810821533,919,-1,1743992958.6126118,1743993458.7371535
56,881,482.64710664749146,63.6119179725647,920,-1,1743992958.7134056,1743993504.9724307
129,855,482.5413131713867,62.67862844467163,921,-1,1743992958.8156452,1743993504.035587
66,354,482.4344091415405,34.551435232162476,922,-1,1743992958.9164274,1743993475.9022722
36,9,482.3371913433075,3.72257924079895,923,-1,1743992959.0174024,1743993445.0771732
266,234,486.1768000125885,23.948179006576538,924,-1,1743992959.1180322,1743993469.2430115
44,235,487.7755460739136,22.375223875045776,925,-1,1743992959.2205687,1743993469.3713388
41,189,487.6820230484009,19.30988597869873,926,-1,1743992959.321245,1743993466.3131545
39,30,487.5837519168854,1.8710660934448242,927,-1,1743992959.4219928,1743993448.876811
137,748,487.47148990631104,52.84882855415344,928,-1,1743992959.5229068,1743993499.843226
58,61,487.380117893219,6.539583444595337,929,-1,1743992959.6236112,1743993453.5433128
10482,343,497.24589943885803,25.804311513900757,930,-1,1743992959.7243912,1743993482.7746024
323,32,497.3803918361664,4.501519680023193,931,-1,1743992959.8254418,1743993461.7073536
130,531,498.54428935050964,35.47055649757385,932,-1,1743992959.92639,1743993493.9412358
56,31,498.43655157089233,3.2434041500091553,933,-1,1743992960.0273263,1743993461.7072825
51,362,498.33800411224365,26.39791965484619,934,-1,1743992960.1283922,1743993484.8643162
39,101,498.2388594150543,8.848427534103394,935,-1,1743992960.2292438,1743993467.3165312
417,412,498.13431191444397,29.09429121017456,936,-1,1743992960.3315823,1743993487.5601857
777,303,498.6488687992096,22.36404538154602,937,-1,1743992960.432337,1743993481.4452512
767,504,499.11544394493103,33.17461371421814,938,-1,1743992960.5334802,1743993492.823538
786,555,499.023268699646,35.84961414337158,939,-1,1743992960.6343997,1743993495.5072827
815,576,500.55028200149536,36.24910044670105,940,-1,1743992960.740351,1743993497.5397336
53,264,500.44888257980347,18.752925634384155,941,-1,1743992960.838993,1743993480.0408015
324,126,500.35639476776123,9.759140253067017,942,-1,1743992960.9400897,1743993471.055625
139,47,500.2557294368744,4.285866737365723,943,-1,1743992961.0439107,1743993465.5855072
215,422,500.6824390888214,28.583863735198975,944,-1,1743992961.1452568,1743993490.4115598
541,52,502.7989444732666,3.802257776260376,945,-1,1743992961.2465787,1743993467.8477812
40,574,502.6899836063385,35.246790647506714,946,-1,1743992961.3473415,1743993499.2841158
71,264,502.5943365097046,18.668643712997437,947,-1,1743992961.448235,1743993482.7112157
55,276,502.49168586730957,19.632608652114868,948,-1,1743992961.5491102,1743993483.673405
87,283,503.218633890152,19.521846532821655,949,-1,1743992961.6498861,1743993484.3903668
135,10,503.96701169013977,0.8619520664215088,950,-1,1743992961.75071,1743993466.579674
49,370,504.1313953399658,23.674427270889282,951,-1,1743992961.8546302,1743993489.660453
42,198,504.0281205177307,13.420227766036987,952,-1,1743992961.9534976,1743993479.401846
